<application>
  <component name="FileTypeManager" version="17">
    <extensionMap>
      <mapping ext="gradle.kts" type="Kotlin" />
      <mapping ext="main.kts" type="Kotlin" />
      <mapping pattern="test" type="PLAIN_TEXT" />
      <mapping pattern="sourcecode" type="PLAIN_TEXT" />
      <mapping pattern="订单主要point" type="PLAIN_TEXT" />
      <mapping pattern="tips" type="PLAIN_TEXT" />
      <mapping pattern="k8s" type="PLAIN_TEXT" />
      <mapping pattern="kube常用命令" type="PLAIN_TEXT" />
      <mapping pattern="thread" type="PLAIN_TEXT" />
      <mapping pattern="command" type="PLAIN_TEXT" />
      <mapping pattern="local_config" type="PLAIN_TEXT" />
      <mapping ext="start" type="PLAIN_TEXT" />
      <mapping ext="lst" type="PLAIN_TEXT" />
    </extensionMap>
  </component>
</application>