<application>
  <component name="ProjectManager">
    <defaultProject>
      <component name="CodeInsightWorkspaceSettings">
        <option name="optimizeImportsOnTheFly" value="true" />
      </component>
      <component name="GithubDefaultAccount">
        <option name="defaultAccountId" value="87b46a01-1fce-45e2-bcdf-60dbf96d6660" />
      </component>
      <component name="MavenImportPreferences">
        <option name="generalSettings">
          <MavenGeneralSettings>
            <option name="mavenHome" value="$APPLICATION_HOME_DIR$/plugins/maven/lib/maven3" />
          </MavenGeneralSettings>
        </option>
      </component>
      <component name="PropertiesComponent">
        <property name="settings.editor.selected.configurable" value="fileTemplates" />
      </component>
      <component name="masterDetails">
        <states>
          <state key="ProjectJDKs.UI">
            <settings>
              <last-edited>1.8</last-edited>
              <splitter-proportions>
                <option name="proportions">
                  <list>
                    <option value="0.2" />
                  </list>
                </option>
              </splitter-proportions>
            </settings>
          </state>
        </states>
      </component>
    </defaultProject>
  </component>
</application>