<application>
  <component name="AppStorage">
    <histories>
      <item value="重新" />
      <item value="thumb" />
      <item value="注释" />
      <item value="shop order no" />
      <item value="Default executor -- ForkJoinPool.commonPool() unless it cannot * support parallelism." />
      <item value="Returns the targeted parallelism level of the common pool. * * @return the targeted parallelism level of the common pool" />
      <item value="A marker interface identifying asynchronous tasks produced by * {@code async} methods. This may be useful for monitoring, * debugging, and tracking asynchronous activities. *" />
      <item value="Get the maximum number of milliseconds that a client will wait for a connection from the pool. If this * time is exceeded without a connection becoming available, a SQLException will be thrown from" />
      <item value="并发" />
      <item value="降低" />
      <item value="temporary" />
      <item value="指定" />
      <item value="schdule" />
      <item value="定时" />
      <item value="tempoary" />
      <item value="尊重的" />
      <item value="敬礼" />
      <item value="he CharSequence to check, may be null" />
      <item value="the CharSequence to check, may be null" />
      <item value="the CharSequence to find, may be null" />
      <item value="流程" />
      <item value="Name of the builder class. * * Default for {@code @Builder} on types and constructors: {@code (TypeName)Builder}. * &lt;p&gt; * Default for {@code @Builder} on methods: {@code (ReturnTypeName)Builder}." />
      <item value="事务" />
      <item value="手动" />
      <item value="* * Flush the underlying session to the datastore, if applicable: * for example, all affected Hibernate/JPA sessions. * &lt;p&gt;This is effectively just a hint and may be a no-op if the underlying * transaction manager does not have a flush concept. A flush signal may * get applied to the primary resource or to transaction synchronizations, * depending on the underlying resource." />
      <item value="Create a new transaction, suspending the current transaction if one exists. &#9; * Analogous to the EJB transaction attribute of the same name. &#9; * &lt;p&gt;&lt;b&gt;NOTE:&lt;/b&gt; Actual transaction suspension will not work out-of-the-box &#9; * on all transaction managers. This in particular applies to &#9; * {@link org.springframework.transaction.jta.JtaTransactionManager}, &#9; * which requires the {@code javax.transaction.TransactionManager} to be &#9; * made available it to it (which is server-specific in standard Java EE). &#9; * &lt;p&gt;A {@code PROPAGATION_REQUIRES_NEW} scope always defines its own &#9; * transaction synchronizations. Existing synchronizations will be suspended &#9; * and resumed appropriately. &#9; * @see org.springframework.transaction.jta.JtaTransactionManager#setTransactionManager" />
      <item value="合同创建待签或服务订单创建" />
      <item value="旅行" />
      <item value="permition" />
      <item value="许可" />
      <item value="隔离" />
      <item value="'convertToPageInfo(List&lt;OrderListVO&gt;, PageInfo&lt;OrderItem&gt;)' clashes with 'convertToPageInfo(List&lt;ShopOrderListVO&gt;, PageInfo&lt;OrderItem&gt;)'; both methods have same erasure" />
      <item value="erasure" />
      <item value=" both methods have same erasure" />
      <item value="时期" />
      <item value="策略" />
      <item value="amount" />
      <item value="departure" />
      <item value="subtract" />
      <item value="退款" />
      <item value="判断" />
      <item value="描述" />
      <item value="OVERLAP" />
      <item value="specification" />
      <item value="assemble" />
      <item value="assembal" />
      <item value="assemba" />
      <item value="assem" />
      <item value="assamb" />
      <item value="商品类别" />
    </histories>
    <option name="languageScores">
      <map>
        <entry key="CHINESE" value="164" />
        <entry key="ENGLISH" value="165" />
        <entry key="ROMANIAN" value="1" />
        <entry key="NORWEGIAN" value="1" />
        <entry key="PORTUGUESE" value="1" />
      </map>
    </option>
  </component>
</application>